Elt nÂ°,zbot,ztop,Phii,Energy,EnergyGoneSettling
1,0.0,5.714285714285714e-05,0.3154211574454173,-0.3902252940012475,0.0
2,5.714285714285714e-05,0.00011428571428571428,0.3258772619366554,-2.3325830440170954,0.0
3,0.00011428571428571428,0.00017142857142857143,0.3321888158130288,-4.333543002545592,0.0
4,0.00017142857142857143,0.00022857142857142857,0.33452455263699815,-6.324249597906718,0.0
5,0.00022857142857142857,0.00028571428571428574,0.33534843521974933,-8.3017427082316,0.0
6,0.00028571428571428574,0.00034285714285714285,0.33559737656703875,-10.270357349499335,0.0
7,0.00034285714285714285,0.0004,0.3356276939510005,-12.233819593853806,0.0
8,0.0004,0.00045714285714285713,0.3355749210472679,-14.194337478263076,0.0
9,0.00045714285714285713,0.0005142857142857143,0.3354906200475507,-16.153052307612533,0.0
10,0.0005142857142857143,0.0005714285714285715,0.33539441066161957,-18.110513419352642,0.0
11,0.0005714285714285715,0.0006285714285714285,0.3352937597475346,-20.066974085681945,0.0
12,0.0006285714285714285,0.0006857142857142857,0.33519150975796536,-22.022547964349425,0.0
13,0.0006857142857142857,0.0007428571428571429,0.33508874314045045,-23.977285322099217,0.0
14,0.0007428571428571429,0.0008,0.33498587240553385,-25.931208399087247,0.0
15,0.0008,0.0008571428571428571,0.33488305503184196,-27.88432729013105,0.0
16,0.0008571428571428571,0.0009142857142857143,0.33478035134221995,-29.836646906160187,0.0
17,0.0009142857142857143,0.0009714285714285715,0.3346777846805573,-31.78816998064449,0.0
18,0.0009714285714285715,0.0010285714285714286,0.3345753643013541,-33.73889834615699,0.0
19,0.0010285714285714286,0.0010857142857142858,0.334473094093642,-35.6888334720183,0.0
20,0.0010857142857142858,0.001142857142857143,0.33437097590097714,-37.637976688199664,0.0
21,0.001142857142857143,0.0012,0.3342690107540257,-39.58632927408549,0.0
22,0.0012,0.001257142857142857,0.3341671994004182,-41.53389250168293,0.0
23,0.001257142857142857,0.0013142857142857144,0.33406554249213916,-43.48066765212712,0.0
24,0.0013142857142857144,0.0013714285714285714,0.33396404059602675,-45.4266560143332,0.0
25,0.0013714285714285714,0.0014285714285714286,0.33386269426281745,-47.37185889245657,0.0
26,0.0014285714285714286,0.0014857142857142857,0.33376150404487076,-49.31627760807724,0.0
27,0.0014857142857142857,0.001542857142857143,0.333660470492487,-51.25991349967769,0.0
28,0.001542857142857143,0.0016,0.3335595941589111,-53.202767923399676,0.0
29,0.0016,0.001657142857142857,0.3334588755556,-55.14484224564153,0.0
30,0.001657142857142857,0.0017142857142857142,0.3333583151980888,-57.08613784978301,0.0
31,0.0017142857142857142,0.0017714285714285714,0.3332579136298436,-59.026656140584535,0.0
32,0.0017714285714285714,0.0018285714285714285,0.3331576713559008,-60.96639853273672,0.0
33,0.0018285714285714285,0.0018857142857142857,0.33305758888493475,-62.90536645776212,0.0
34,0.0018857142857142857,0.001942857142857143,0.3329576667359206,-64.84356136542706,0.0
35,0.001942857142857143,0.002,0.3328579054024235,-66.78098471682233,0.0
36,0.002,0.002057142857142857,0.3327583053944179,-68.71763799234456,0.0
37,0.002057142857142857,0.0021142857142857144,0.3326588671830378,-70.65352268032355,0.0
38,0.0021142857142857144,0.0021714285714285715,0.3325595912737292,-72.5886402920041,0.0
39,0.0021714285714285715,0.0022285714285714287,0.3324604781549186,-74.5229923509448,0.0
40,0.0022285714285714287,0.002285714285714286,0.33236152828735877,-76.45658039005086,0.0
41,0.002285714285714286,0.002342857142857143,0.33226274216075646,-78.38940596424085,0.0
42,0.002342857142857143,0.0024,0.33216412023390185,-80.32147063669821,0.0
43,0.0024,0.002457142857142857,0.3320656629793815,-82.2527759891215,0.0
44,0.002457142857142857,0.002514285714285714,0.3319673708585454,-84.1833236157398,0.0
45,0.002514285714285714,0.0025714285714285713,0.3318692443090381,-86.1131151197344,0.0
46,0.0025714285714285713,0.002628571428571429,0.3317712838025312,-88.04215212796298,0.0
47,0.002628571428571429,0.002685714285714286,0.3316734897919675,-89.97043627755002,0.0
48,0.002685714285714286,0.002742857142857143,0.33157586269606104,-91.89796921102175,0.0
49,0.002742857142857143,0.0028,0.33147840294941866,-93.82475258957646,0.0
50,0.0028,0.002857142857142857,0.3313811110028432,-95.75078809363877,0.0
51,0.002857142857142857,0.0029142857142857143,0.33128398727171293,-97.67607740802563,0.0
52,0.0029142857142857143,0.0029714285714285715,0.33118703217780443,-99.60062223355625,0.0
53,0.0029714285714285715,0.0030285714285714286,0.3310902461620651,-101.5244242911816,0.0
54,0.0030285714285714286,0.003085714285714286,0.3309936296185963,-103.44748530179444,0.0
55,0.003085714285714286,0.003142857142857143,0.3308971829493217,-105.36980700236688,0.0
56,0.003142857142857143,0.0032,0.33080090658177236,-107.29139115197924,0.0
57,0.0032,0.0032571428571428573,0.3307048008916283,-109.21223950684566,0.0
58,0.0032571428571428573,0.003314285714285714,0.330608866290015,-111.13235384829217,0.0
59,0.003314285714285714,0.0033714285714285712,0.33051310316803895,-113.05173596473743,0.0
60,0.0033714285714285712,0.0034285714285714284,0.3304175119086503,-114.97038765523878,0.0
61,0.0034285714285714284,0.0034857142857142856,0.33032209289179726,-116.88831073109553,0.0
62,0.0034857142857142856,0.0035428571428571427,0.33022684648176087,-118.80550701117448,0.0
63,0.0035428571428571427,0.0036,0.3301317730877248,-120.7219783437052,0.0
64,0.0036,0.003657142857142857,0.33003687304353063,-122.63772656271425,0.0
65,0.003657142857142857,0.0037142857142857142,0.3299421467178251,-124.55275352757052,0.0
66,0.0037142857142857142,0.0037714285714285714,0.3298475944926304,-126.4670611157651,0.0
67,0.0037714285714285714,0.003828571428571429,0.32975321670387714,-128.38065120004484,0.0
68,0.003828571428571429,0.003885714285714286,0.32965901370723366,-130.29352567317346,0.0
69,0.003885714285714286,0.003942857142857143,0.3295649858458655,-132.20568643553935,0.0
70,0.003942857142857143,0.004,0.3294711334618121,-134.11713539943636,0.0
71,0.004,0.004057142857142857,0.3293774568913602,-136.0278744871012,0.0
72,0.004057142857142857,0.004114285714285714,0.3292839564790654,-137.93790563643657,0.0
73,0.004114285714285714,0.004171428571428572,0.32919063254381453,-139.84723078678283,0.0
74,0.004171428571428572,0.004228571428571429,0.32909748538923367,-141.75585188266518,0.0
75,0.004228571428571429,0.004285714285714286,0.32900451536230146,-143.6637708990327,0.0
76,0.004285714285714286,0.004342857142857143,0.3289117227789186,-145.57098980946833,0.0
77,0.004342857142857143,0.0044,0.32881910794298114,-147.47751059385064,0.0
78,0.0044,0.0044571428571428574,0.32872667115902454,-149.38333524376574,0.0
79,0.0044571428571428574,0.004514285714285715,0.3286344127332663,-151.2884657630109,0.0
80,0.004514285714285715,0.004571428571428572,0.3285423329553885,-153.19290415911817,0.0
81,0.004571428571428572,0.004628571428571429,0.32845043212246633,-155.09665245419046,0.0
82,0.004628571428571429,0.004685714285714286,0.32835871053020893,-156.99971268091886,0.0
83,0.004685714285714286,0.004742857142857143,0.3282671684484475,-158.9020868706448,0.0
84,0.004742857142857143,0.0048,0.328175806172256,-160.8037770777137,0.0
85,0.0048,0.004857142857142857,0.328084623979243,-162.70478535897755,0.0
86,0.004857142857142857,0.004914285714285714,0.3279936221307972,-164.60511377388357,0.0
87,0.004914285714285714,0.004971428571428571,0.3279028009039943,-166.50476440026986,0.0
88,0.004971428571428571,0.005028571428571428,0.32781216056182483,-168.40373931947036,0.0
89,0.005028571428571428,0.005085714285714285,0.3277217013592215,-170.302040619035,0.0
90,0.005085714285714285,0.005142857142857143,0.3276314235588601,-172.1996704008227,0.0
91,0.005142857142857143,0.0052,0.32754132740559005,-174.0966307675968,0.0
92,0.0052,0.005257142857142858,0.32745141315075776,-175.99292383560572,0.0
93,0.005257142857142858,0.005314285714285715,0.32736168104698693,-177.8885517319129,0.0
94,0.005314285714285715,0.005371428571428572,0.32727213132842986,-179.78351658357926,0.0
95,0.005371428571428572,0.005428571428571429,0.32718276423293735,-181.67782052943338,0.0
96,0.005428571428571429,0.005485714285714286,0.3270935800197526,-183.5714657301379,0.0
97,0.005485714285714286,0.005542857142857143,0.3270045789447976,-185.46445435478054,0.0
98,0.005542857142857143,0.0056,0.32691576125450866,-187.35678857720686,0.0
99,0.0056,0.005657142857142857,0.3268271272189763,-189.24847059499612,0.0
100,0.005657142857142857,0.005714285714285714,0.3267386771477746,-191.13950263942976,0.0
101,0.005714285714285714,0.0057714285714285714,0.32665041141008044,-193.02988698858815,0.0
102,0.0057714285714285714,0.005828571428571429,0.3265623304477881,-194.91962597696335,0.0
103,0.005828571428571429,0.005885714285714286,0.3264744348201392,-196.80872202458488,0.0
104,0.005885714285714286,0.005942857142857143,0.32638672527911766,-198.69717768651458,0.0
105,0.005942857142857143,0.006,0.3262992028823129,-200.5849957281187,0.0
106,0.006,0.006057142857142857,0.32621186913857597,-202.47217922476972,0.0
107,0.006057142857142857,0.0061142857142857145,0.32612472621808375,-204.35873170720546,0.0
108,0.0061142857142857145,0.006171428571428572,0.32603777728261374,-206.24465739059892,0.0
109,0.006171428571428572,0.006228571428571429,0.3259510269619119,-208.1299615089228,0.0
110,0.006228571428571429,0.006285714285714286,0.3258644820108326,-210.01465078308757,0.0
111,0.006285714285714286,0.006342857142857143,0.3257781522813818,-211.8987341178249,0.0
112,0.006342857142857143,0.0064,0.3256920520556121,-213.78222357068572,0.0
113,0.0064,0.0064571428571428575,0.32560620192715634,-215.66513573282162,0.0
114,0.0064571428571428575,0.006514285714285715,0.3255206314467426,-217.54749368866578,0.0
115,0.006514285714285715,0.006571428571428572,0.32543538268198086,-219.4293296879159,0.0
116,0.006571428571428572,0.006628571428571428,0.32535051511009366,-221.31068885333832,0.0
117,0.006628571428571428,0.006685714285714285,0.32526611225342744,-223.1916342618394,0.0
118,0.006685714285714285,0.0067428571428571425,0.32518229051382264,-225.0722537877395,0.0
119,0.0067428571428571425,0.0068,0.3250992108945528,-226.95266928190114,0.0
120,0.0068,0.006857142857142857,0.32501709443977184,-228.83304879262633,0.0
121,0.006857142857142857,0.006914285714285714,0.32493624226861245,-230.71362260761234,0.0
122,0.006914285714285714,0.006971428571428571,0.32485706137881437,-232.59470415162,0.0
123,0.006971428571428571,0.007028571428571428,0.3247800976011621,-234.47671697997538,0.0
124,0.007028571428571428,0.0070857142857142855,0.32470607714434585,-236.3602292165373,0.0
125,0.0070857142857142855,0.007142857142857143,0.324635958433022,-238.24599704703584,0.0
126,0.007142857142857143,0.0072,0.32457099615310014,-240.13501911669363,0.0
127,0.0072,0.007257142857142857,0.32451281934407117,-242.02860371710852,0.0
128,0.007257142857142857,0.007314285714285714,0.3244635255291721,-243.92845084912645,0.0
129,0.007314285714285714,0.007371428571428571,0.3244257927363857,-245.8367512391232,0.0
130,0.007371428571428571,0.0074285714285714285,0.32440301091686924,-247.75630420987397,0.0
131,0.0074285714285714285,0.007485714285714286,0.3243994339834256,-249.69065616054627,0.0
132,0.007485714285714286,0.007542857142857143,0.32442035285655396,-251.64426082028464,0.0
133,0.007542857142857143,0.0076,0.3244722889892694,-253.62266174136573,0.0
134,0.0076,0.007657142857142858,0.32456320666418603,-255.63269654401492,0.0
135,0.007657142857142858,0.007714285714285715,0.3247027406592653,-257.68272099491617,0.0
136,0.007714285714285715,0.007771428571428572,0.32490243405580943,-259.7828493796127,0.0
137,0.007771428571428572,0.00782857142857143,0.32517597873362364,-261.9452055813106,0.0
138,0.00782857142857143,0.007885714285714286,0.32553944857991424,-264.1841768761001,0.0
139,0.007885714285714286,0.007942857142857144,0.32601151305511766,-266.5166600265254,0.0
140,0.007942857142857144,0.008,0.3266136158116934,-268.9622862341147,0.0
141,0.008,0.008057142857142856,0.3273701006806723,-271.5436088019515,0.0
142,0.008057142857142856,0.008114285714285715,0.32830826526060675,-274.2862347712581,0.0
143,0.008114285714285715,0.00817142857142857,0.3294583206034196,-277.2188793842309,0.0
144,0.00817142857142857,0.008228571428571429,0.3308532346709388,-280.3733204989099,0.0
145,0.008228571428571429,0.008285714285714285,0.3325284375991915,-283.78422932246133,0.0
146,0.008285714285714285,0.008342857142857143,0.3345213685194136,-287.48885425047,0.0
147,0.008342857142857143,0.0084,0.3368708468171163,-291.5265363416992,0.0
148,0.0084,0.008457142857142858,0.3396162556171544,-295.93803841787087,0.0
149,0.008457142857142858,0.008514285714285714,0.34279653214410916,-300.7646752168465,0.0
150,0.008514285714285714,0.008571428571428572,0.3464489681113715,-306.0472392906142,0.0
151,0.008571428571428572,0.008628571428571428,0.35060783323540484,-311.82472633936567,0.0
152,0.008628571428571428,0.008685714285714286,0.35530284655420497,-318.1328746803237,0.0
153,0.008685714285714286,0.008742857142857142,0.360557532237349,-325.0025455633498,0.0
154,0.008742857142857142,0.0088,0.36638750894742234,-332.45798403918843,0.0
155,0.0088,0.008857142857142857,0.3727987735751448,-340.5150131874104,0.0
156,0.008857142857142857,0.008914285714285715,0.37978605046735303,-349.17922690066695,0.0
157,0.008914285714285715,0.008971428571428571,0.3873312852689482,-358.44425723938645,0.0
158,0.008971428571428571,0.00902857142857143,0.39540236738807005,-368.29020072093357,0.0
159,0.00902857142857143,0.009085714285714286,0.403952165934845,-378.68229272246793,0.0
160,0.009085714285714286,0.009142857142857144,0.4129179603191642,-389.56991978695527,0.0
161,0.009142857142857144,0.0092,0.4222213381185491,-400.88605536821916,0.0
162,0.0092,0.009257142857142858,0.4317686190638017,-412.54719487775816,0.0
163,0.009257142857142858,0.009314285714285714,0.44145184550210004,-424.45385093308255,0.0
164,0.009314285714285714,0.009371428571428572,0.451150356953159,-436.49164963082245,0.0
165,0.009371428571428572,0.009428571428571429,0.4607329403842264,-448.5330442002905,0.0
166,0.009428571428571429,0.009485714285714287,0.47006051968726353,-460.4396344172336,0.0
167,0.009485714285714287,0.009542857142857143,0.47898931936029826,-472.06505032566133,0.0
168,0.009542857142857143,0.0096,0.4873744099939212,-483.25832852155435,0.0
169,0.0096,0.009657142857142857,0.49507351867610944,-493.86768038288835,0.0
170,0.009657142857142857,0.009714285714285713,0.5019509676131241,-503.7445261323788,0.0
171,0.009714285714285713,0.009771428571428572,0.5078815905622587,-512.7476482233369,0.0
172,0.009771428571428572,0.009828571428571428,0.5127544701034337,-520.7473036490655,0.0
173,0.009828571428571428,0.009885714285714286,0.5164763402965007,-527.6291287984501,0.0
174,0.009885714285714286,0.009942857142857142,0.5189745091592419,-533.2976731821908,0.0
175,0.009942857142857142,0.01,0.5201991730503832,-537.6794096168287,0.0
176,0.01,0.010057142857142857,0.5201250200214077,-540.7250882871043,0.0
177,0.010057142857142857,0.010114285714285715,0.5187520500825211,-542.4113294656345,0.0
178,0.010114285714285715,0.01017142857142857,0.5161055752015933,-542.7413828892783,0.0
179,0.01017142857142857,0.010228571428571429,0.5122353990356415,-541.7450193399799,0.0
180,0.010228571428571429,0.010285714285714285,0.5072142135670636,-539.4775595213196,0.0
181,0.010285714285714285,0.010342857142857143,0.5011352847248098,-536.0180844544868,0.0
182,0.010342857142857143,0.0104,0.4941095299141142,-531.4669082585647,0.0
183,0.0104,0.010457142857142858,0.4862621153380269,-525.9424261262376,0.0
184,0.010457142857142858,0.010514285714285716,0.47772871874196937,-519.5774757514802,0.0
185,0.010514285714285716,0.010571428571428572,0.4686516129745205,-512.5153681388849,0.0
186,0.010571428571428572,0.01062857142857143,0.45917572736207835,-504.90575294968687,0.0
187,0.01062857142857143,0.010685714285714286,0.4494448372956263,-496.9004837816009,0.0
188,0.010685714285714286,0.010742857142857144,0.43959801875750787,-488.6496408035055,0.0
189,0.010742857142857144,0.0108,0.42976648466017314,-480.29785253486364,0.0
190,0.0108,0.010857142857142859,0.4200708953517078,-471.98103662040717,0.0
191,0.010857142857142859,0.010914285714285715,0.4106192083143871,-463.82365300623337,0.0
192,0.010914285714285715,0.010971428571428571,0.401505103658513,-455.93653376180345,0.0
193,0.010971428571428571,0.011028571428571428,0.3928069936603464,-448.41532317124546,0.0
194,0.011028571428571428,0.011085714285714286,0.38458759873127185,-441.33953242745037,0.0
195,0.011085714285714286,0.011142857142857142,0.3768940495840674,-434.772186311371,0.0
196,0.011142857142857142,0.0112,0.36975845665342605,-428.76001560497184,0.0
197,0.0112,0.011257142857142856,0.3631988741393858,-423.33413019247064,0.0
198,0.011257142857142856,0.011314285714285714,0.35722057753048075,-418.511094339809,0.0
199,0.011314285714285714,0.01137142857142857,0.35181756979066964,-414.29431741468323,0.0
200,0.01137142857142857,0.011428571428571429,0.3469742321066083,-410.67567007848754,0.0
201,0.011428571428571429,0.011485714285714287,0.3426670401691739,-407.6372379799679,0.0
202,0.011485714285714287,0.011542857142857143,0.3388662748134759,-405.1531305729707,0.0
203,0.011542857142857143,0.011600000000000001,0.3355376661911659,-403.19127169930283,0.0
204,0.011600000000000001,0.011657142857142857,0.33264392248385377,-401.7151099520505,0.0
205,0.011657142857142857,0.011714285714285714,0.3301461063514839,-400.68519927398523,0.0
206,0.011714285714285714,0.011771428571428572,0.32800483455866547,-400.0606134208728,0.0
207,0.011771428571428572,0.011828571428571428,0.32618128762635656,-399.8001707234548,0.0
208,0.011828571428571428,0.011885714285714286,0.3246380263270157,-399.8634572347065,0.0
209,0.011885714285714286,0.011942857142857142,0.32333962042776526,-400.21164682727937,0.0
210,0.011942857142857142,0.012,0.32225310188910816,-400.80812553153436,0.0
211,0.012,0.012057142857142857,0.32134825958028446,-401.61893405821996,0.0
212,0.012057142857142857,0.012114285714285715,0.32059779580231257,-402.61304732960724,0.0
213,0.012114285714285715,0.012171428571428571,0.3199773666387011,-403.7625129996829,0.0
214,0.012171428571428571,0.012228571428571429,0.3194655283815136,-405.0424722933929,0.0
215,0.012228571428571429,0.012285714285714285,0.3190436114951112,-406.4310865626752,0.0
216,0.012285714285714285,0.012342857142857143,0.31869554199469097,-407.909391961319,0.0
217,0.012342857142857143,0.0124,0.31840762793843097,-409.4611027931362,0.0
218,0.0124,0.012457142857142858,0.3181683261766592,-411.0723816382698,0.0
219,0.012457142857142858,0.012514285714285714,0.3179680018547833,-412.7315916528517,0.0
220,0.012514285714285714,0.012571428571428572,0.31779869060949095,-414.4290437042171,0.0
221,0.012571428571428572,0.012628571428571428,0.3176538709125095,-416.1567482236147,0.0
222,0.012628571428571428,0.012685714285714286,0.3175282517866251,-417.90817908328506,0.0
223,0.012685714285714286,0.012742857142857143,0.31741757924900027,-419.67805458180226,0.0
224,0.012742857142857143,0.0128,0.31731846327468793,-421.4621387092306,0.0
225,0.0128,0.012857142857142857,0.3172282257810837,-423.25706422374,0.0
226,0.012857142857142857,0.012914285714285715,0.31714476917199397,-425.0601778072048,0.0
227,0.012914285714285715,0.012971428571428571,0.31706646433599284,-426.869406676235,0.0
228,0.012971428571428571,0.01302857142857143,0.3169920565335718,-428.68314535105225,0.0
229,0.01302857142857143,0.013085714285714286,0.3169205872796924,-430.5001607620373,0.0
230,0.013085714285714286,0.013142857142857144,0.31685133030867335,-432.3195137574656,0.0
231,0.013142857142857144,0.0132,0.3167837397256448,-434.1404950059162,0.0
232,0.0132,0.013257142857142856,0.3167174084680534,-435.96257322370707,0.0
233,0.013257142857142856,0.013314285714285714,0.3166520353815458,-437.78535381590353,0.0
234,0.013314285714285714,0.01337142857142857,0.316587399363839,-439.6085461463387,0.0
235,0.01337142857142857,0.013428571428571429,0.31652333935123156,-441.4319380250706,0.0
236,0.013428571428571429,0.013485714285714285,0.3164597388991732,-443.25537590957697,0.0
237,0.013485714285714285,0.013542857142857143,0.3163965144327976,-445.0787497137229,0.0
238,0.013542857142857143,0.0136,0.3163336064230166,-446.9019813263692,0.0
239,0.0136,0.013657142857142857,0.3162709727625893,-448.7250159339859,0.0
240,0.013657142857142857,0.013714285714285714,0.3162085838696474,-450.5478155656864,0.0
241,0.013714285714285714,0.013771428571428572,0.3161464191064376,-452.37035434433346,0.0
242,0.013771428571428572,0.013828571428571428,0.31608446415579755,-454.1926149844455,0.0
243,0.013828571428571428,0.013885714285714286,0.3160227091252356,-456.01458624598524,0.0
244,0.013885714285714286,0.013942857142857142,0.3159611472264205,-457.8362611532568,0.0
245,0.013942857142857142,0.014,0.3158997738021407,-459.65763567226173,0.0
246,0.014,0.014057142857142857,0.3158385856439924,-461.4787077773705,0.0
247,0.014057142857142857,0.014114285714285715,0.31577758056214916,-463.2994768637515,0.0
248,0.014114285714285715,0.014171428571428571,0.3157167570409947,-465.1199432703122,0.0
249,0.014171428571428571,0.014228571428571429,0.3156561139985094,-466.9401079441673,0.0
250,0.014228571428571429,0.014285714285714285,0.3155956506410184,-468.75997223765495,0.0
251,0.014285714285714285,0.014342857142857145,0.3155353663908087,-470.57953780927335,0.0
252,0.014342857142857145,0.0144,0.3154752608083724,-472.3988065133926,0.0
253,0.0144,0.01445714285714286,0.3154153335071344,-474.2177802766167,0.0
254,0.01445714285714286,0.014514285714285714,0.31535558416719944,-476.03646111953066,0.0
255,0.014514285714285714,0.014571428571428574,0.31529601251437905,-477.8548511275826,0.0
256,0.014571428571428574,0.014628571428571428,0.3152366182759085,-479.67295238434536,0.0
257,0.014628571428571428,0.014685714285714285,0.31517740119363336,-481.49076699237133,0.0
258,0.014685714285714285,0.014742857142857143,0.3151183610311874,-483.3082970841221,0.0
259,0.014742857142857143,0.014799999999999999,0.3150594975481629,-485.12554478305555,0.0
260,0.014799999999999999,0.014857142857142857,0.31500081049866174,-486.9425122013136,0.0
261,0.014857142857142857,0.014914285714285713,0.31494229963481873,-488.7592014448108,0.0
262,0.014914285714285713,0.014971428571428571,0.3148839647293601,-490.57561464856,0.0
263,0.014971428571428571,0.015028571428571428,0.3148258055438877,-492.3917539274296,0.0
264,0.015028571428571428,0.015085714285714286,0.314767821830379,-494.20762137839154,0.0
265,0.015085714285714286,0.015142857142857142,0.31471001335424276,-496.02321911633294,0.0
266,0.015142857142857142,0.0152,0.31465237986203093,-497.8385492235859,0.0
267,0.0152,0.015257142857142856,0.3145949211078021,-499.6536137909955,0.0
268,0.015257142857142856,0.015314285714285716,0.31453763685114966,-501.46841491525447,0.0
269,0.015314285714285716,0.01537142857142857,0.31448052683825817,-503.28295466839404,0.0
270,0.01537142857142857,0.01542857142857143,0.31442359082022026,-505.0972351272911,0.0
271,0.01542857142857143,0.015485714285714285,0.31436682854927506,-506.9112583671057,0.0
272,0.015485714285714285,0.015542857142857145,0.3143102397746669,-508.72502645531875,0.0
273,0.015542857142857145,0.0156,0.31425382424042797,-510.53854144728484,0.0
274,0.0156,0.01565714285714286,0.3141975816823699,-512.3518053818984,0.0
275,0.01565714285714286,0.015714285714285715,0.31414151185113304,-514.1648203183552,0.0
276,0.015714285714285715,0.01577142857142857,0.31408561449519357,-515.9775883093013,0.0
277,0.01577142857142857,0.015828571428571428,0.3140298893500386,-517.7901113824806,0.0
278,0.015828571428571428,0.015885714285714288,0.313974336157261,-519.6023915721482,0.0
279,0.015885714285714288,0.015942857142857144,0.31391895465337133,-521.4144309004683,0.0
280,0.015942857142857144,0.016,0.3138637445698808,-523.2262313777998,0.0
281,0.016,0.016057142857142857,0.31380870564710484,-525.0377950253285,0.0
282,0.016057142857142857,0.016114285714285713,0.3137538376149907,-526.8491238432755,0.0
283,0.016114285714285713,0.016171428571428573,0.3136991402150804,-528.6602198476037,0.0
284,0.016171428571428573,0.01622857142857143,0.31364461318135534,-530.4710850377927,0.0
285,0.01622857142857143,0.016285714285714285,0.31359025623567094,-532.2817213891618,0.0
286,0.016285714285714285,0.01634285714285714,0.3135360691062587,-534.092130883703,0.0
287,0.01634285714285714,0.0164,0.31348205152363107,-535.9023155034549,0.0
288,0.0164,0.016457142857142858,0.31342820321641174,-537.7122772232165,0.0
289,0.016457142857142858,0.016514285714285714,0.31337452390769704,-539.5220180045374,0.0
290,0.016514285714285714,0.01657142857142857,0.3133210133272497,-541.3315398162907,0.0
291,0.01657142857142857,0.01662857142857143,0.31326767119816923,-543.1408446119462,0.0
292,0.01662857142857143,0.016685714285714286,0.3132144972406413,-544.9499343356786,0.0
293,0.016685714285714286,0.016742857142857143,0.31316149117437836,-546.7588109268675,0.0
294,0.016742857142857143,0.0168,0.31310865271783445,-548.5674763183754,0.0
295,0.0168,0.01685714285714286,0.31305598159240244,-550.3759324440751,0.0
296,0.01685714285714286,0.016914285714285715,0.3130034775160916,-552.1841812275719,0.0
297,0.016914285714285715,0.01697142857142857,0.3129511402067019,-553.9922245880466,0.0
298,0.01697142857142857,0.017028571428571428,0.3128989693920732,-555.8000644581161,0.0
299,0.017028571428571428,0.017085714285714287,0.31284696477201357,-557.6077027164572,0.0
300,0.017085714285714287,0.017142857142857144,0.3127951260537815,-559.4151412502122,0.0
301,0.017142857142857144,0.0172,0.31274345295741157,-561.2223819651069,0.0
302,0.0172,0.017257142857142856,0.31269194519801274,-563.0294267536188,0.0
303,0.017257142857142856,0.017314285714285716,0.3126406024904792,-564.8362775035295,0.0
304,0.017314285714285716,0.017371428571428572,0.3125894245407764,-566.6429360819008,0.0
305,0.017371428571428572,0.01742857142857143,0.3125384110525803,-568.4494043472196,0.0
306,0.01742857142857143,0.017485714285714285,0.31248756173574505,-570.2556841644325,0.0
307,0.017485714285714285,0.017542857142857145,0.31243687630563105,-572.0617774041026,0.0
308,0.017542857142857145,0.0176,0.31238635445768104,-573.8676858956381,0.0
309,0.0176,0.017657142857142857,0.3123359958961182,-575.6734114799351,0.0
310,0.017657142857142857,0.017714285714285714,0.31228580033337516,-577.478956008236,0.0
311,0.017714285714285714,0.01777142857142857,0.31223576746832593,-579.2843213021445,0.0
312,0.01777142857142857,0.01782857142857143,0.3121858970007048,-581.0895091800529,0.0
313,0.01782857142857143,0.017885714285714286,0.31213618863327086,-582.8945214610295,0.0
314,0.017885714285714286,0.017942857142857142,0.31208664207344716,-584.6993599683179,0.0
315,0.017942857142857142,0.018,0.31203725701699,-586.504026498415,0.0
316,0.018,0.01805714285714286,0.3119880331572211,-588.3085228383416,0.0
317,0.01805714285714286,0.018114285714285715,0.3119389701982187,-590.1128507903047,0.0
318,0.018114285714285715,0.01817142857142857,0.311890067835871,-591.9170121364014,0.0
319,0.01817142857142857,0.018228571428571427,0.3118413257642534,-593.721008650151,0.0
320,0.018228571428571427,0.018285714285714287,0.31179274368264737,-595.5248421100514,0.0
321,0.018285714285714287,0.018342857142857143,0.3117443212887199,-597.3285142864529,0.0
322,0.018342857142857143,0.0184,0.31169605826906,-599.1320269236594,0.0
323,0.0184,0.018457142857142856,0.3116479543139746,-600.9353817677528,0.0
324,0.018457142857142856,0.018514285714285716,0.3116000091274318,-602.7385805861662,0.0
325,0.018514285714285716,0.018571428571428572,0.3115522223956221,-604.5416251068469,0.0
326,0.018571428571428572,0.01862857142857143,0.3115045938089514,-606.3445170608911,0.0
327,0.01862857142857143,0.018685714285714285,0.3114571230548732,-608.1472581682954,0.0
328,0.018685714285714285,0.018742857142857144,0.3114098098193985,-609.9498501410428,0.0
329,0.018742857142857144,0.0188,0.31136265378992223,-611.7522946883829,0.0
330,0.0188,0.018857142857142857,0.3113156546378684,-613.5545934830232,0.0
331,0.018857142857142857,0.018914285714285713,0.31126881201620765,-615.356748155352,0.0
332,0.018914285714285713,0.018971428571428573,0.31122212550274236,-617.1587601805976,0.0
333,0.018971428571428573,0.01902857142857143,0.3111755945410594,-618.9606307588292,0.0
334,0.01902857142857143,0.019085714285714286,0.31112921816801287,-620.7623602673749,0.0
335,0.019085714285714286,0.019142857142857142,0.31108299446148985,-622.5639471426118,0.0
336,0.019142857142857142,0.0192,0.3110369190638699,-624.3653848862624,0.0
337,0.0192,0.019257142857142858,0.31099098140094494,-626.1666543763432,0.0
338,0.019257142857142858,0.019314285714285714,0.3109451552998141,-627.9677047255252,0.0
339,0.019314285714285714,0.01937142857142857,0.3108993752083135,-629.7684046242504,0.0
340,0.01937142857142857,0.019428571428571427,0.3108534761534755,-631.5684191243815,0.0
341,0.019428571428571427,0.019485714285714287,0.3108070423899558,-633.3668981126914,0.0
342,0.019485714285714287,0.019542857142857143,0.31075902548771644,-635.161687898588,0.0
343,0.019542857142857143,0.0196,0.3107067810080456,-636.9473366775112,0.0
344,0.0196,0.019657142857142856,0.31064363876677076,-638.7100490207462,0.0
345,0.019657142857142856,0.019714285714285715,0.3105527749196549,-640.4149235173747,0.0
346,0.019714285714285715,0.019771428571428572,0.3103917586926537,-641.973674710133,0.0
347,0.019771428571428572,0.019828571428571428,0.31005358550034806,-643.1630034535494,0.0
348,0.019828571428571428,0.019885714285714284,0.30926842696587176,-643.4181795308117,0.0
349,0.019885714285714284,0.019942857142857144,0.3073559276517058,-641.3111222258403,0.0
350,0.019942857142857144,0.02,0.30432532720921046,-636.840551720836,0.0
